<?xml version="1.0" encoding="UTF-8"?>
<!DOCTYPE hibernate-configuration PUBLIC
		"-//Hibernate/Hibernate Configuration DTD 3.0//EN"
		"http://www.hibernate.org/dtd/hibernate-configuration-3.0.dtd">
<hibernate-configuration>
    <session-factory>
    <!-- url -->
    <property name="hibernate.connection.url">jdbc:mysql://localhost:3306/KhoHang</property>
    
    <!-- username -->
    <property name="hibernate.connection.username">root</property>
    
    <!-- pw -->
    <property name="hibernate.connection.password"></property>
    
    <!--Driver class  -->
    <property name="hibernate.connection.driver_class">com.mysql.cj.jdbc.Driver</property>
    
    <mapping class="com.example.KhachHang"/>
    <!-- jdbc:sqlserver://localhost;databaseName=EMPDB;user=sa;password=sa -->
    </session-factory>
</hibernate-configuration>